{"initial_reset_timestamp": 1584542065.955936, "timestamps": [1584542067.7395349], "episode_lengths": [1266], "episode_rewards": [-21.0], "episode_types": ["t"]}