{"initial_reset_timestamp": 1584543366.9152334, "timestamps": [1584543369.1779795], "episode_lengths": [1575], "episode_rewards": [-18.0], "episode_types": ["t"]}