{"initial_reset_timestamp": 1584542717.7744431, "timestamps": [1584542719.1874936], "episode_lengths": [1028], "episode_rewards": [-21.0], "episode_types": ["t"]}