{"initial_reset_timestamp": 1584541408.9519496, "timestamps": [1584541410.3967602], "episode_lengths": [1017], "episode_rewards": [-21.0], "episode_types": ["t"]}