{"initial_reset_timestamp": 1584540763.471115, "timestamps": [1584540765.0459456], "episode_lengths": [1021], "episode_rewards": [-21.0], "episode_types": ["t"]}