{"initial_reset_timestamp": 1584540181.553637, "timestamps": [1584540183.2982802], "episode_lengths": [1027], "episode_rewards": [-21.0], "episode_types": ["t"]}