{"initial_reset_timestamp": 1584617752.401757, "timestamps": [1584617757.2931068], "episode_lengths": [3243], "episode_rewards": [14.0], "episode_types": ["t"]}