{"initial_reset_timestamp": 1584612059.3558054, "timestamps": [1584612065.185436], "episode_lengths": [3798], "episode_rewards": [11.0], "episode_types": ["t"]}