{"initial_reset_timestamp": 1584608251.4331055, "timestamps": [1584608256.464251], "episode_lengths": [3107], "episode_rewards": [14.0], "episode_types": ["t"]}