{"initial_reset_timestamp": 1584610152.711191, "timestamps": [1584610158.7573538], "episode_lengths": [3828], "episode_rewards": [8.0], "episode_types": ["t"]}