{"initial_reset_timestamp": 1584623431.101908, "timestamps": [1584623435.4877288], "episode_lengths": [2836], "episode_rewards": [17.0], "episode_types": ["t"]}