{"initial_reset_timestamp": 1584621536.8264668, "timestamps": [1584621543.4243643], "episode_lengths": [4206], "episode_rewards": [7.0], "episode_types": ["t"]}