{"initial_reset_timestamp": 1584615853.7210627, "timestamps": [1584615858.8124187], "episode_lengths": [3196], "episode_rewards": [15.0], "episode_types": ["t"]}