{"initial_reset_timestamp": 1584589141.687481, "timestamps": [1584589144.6426117], "episode_lengths": [2272], "episode_rewards": [-18.0], "episode_types": ["t"]}