{"initial_reset_timestamp": 1584596804.7245853, "timestamps": [1584596810.6250129], "episode_lengths": [4434], "episode_rewards": [-5.0], "episode_types": ["t"]}