{"initial_reset_timestamp": 1584619641.1065862, "timestamps": [1584619646.366979], "episode_lengths": [3330], "episode_rewards": [15.0], "episode_types": ["t"]}