{"initial_reset_timestamp": 1584606353.28808, "timestamps": [1584606357.783193], "episode_lengths": [2890], "episode_rewards": [16.0], "episode_types": ["t"]}