{"initial_reset_timestamp": 1584592946.1485543, "timestamps": [1584592952.0715175], "episode_lengths": [3814], "episode_rewards": [-11.0], "episode_types": ["t"]}