{"initial_reset_timestamp": 1584600639.5798163, "timestamps": [1584600644.0487516], "episode_lengths": [3305], "episode_rewards": [12.0], "episode_types": ["t"]}