{"initial_reset_timestamp": 1584591025.335436, "timestamps": [1584591029.4811542], "episode_lengths": [2922], "episode_rewards": [-13.0], "episode_types": ["t"]}