{"initial_reset_timestamp": 1584587443.7919834, "timestamps": [1584587445.896013], "episode_lengths": [1009], "episode_rewards": [-21.0], "episode_types": ["t"]}