{"initial_reset_timestamp": 1584594889.005152, "timestamps": [1584594894.7759445], "episode_lengths": [3840], "episode_rewards": [-16.0], "episode_types": ["t"]}