{"initial_reset_timestamp": 1584602546.1521246, "timestamps": [1584602553.2337503], "episode_lengths": [4803], "episode_rewards": [3.0], "episode_types": ["t"]}