{"initial_reset_timestamp": 1584604454.753576, "timestamps": [1584604460.339987], "episode_lengths": [3612], "episode_rewards": [11.0], "episode_types": ["t"]}