{"initial_reset_timestamp": 1584598724.54746, "timestamps": [1584598732.5645053], "episode_lengths": [5306], "episode_rewards": [1.0], "episode_types": ["t"]}