{"initial_reset_timestamp": 1584613956.2440927, "timestamps": [1584613959.9991403], "episode_lengths": [2220], "episode_rewards": [21.0], "episode_types": ["t"]}