{"initial_reset_timestamp": 1584625237.827366, "timestamps": [1584625244.0484042], "episode_lengths": [4149], "episode_rewards": [5.0], "episode_types": ["t"]}